Empresa,Pregao,Ticker,Setor,Subsetor,Segmento,Cap,Acoes,VolMed2m
BCO BRASIL S.A.,BRASIL,BBAS11,Financeiro,Intermediários Financeiros,Bancos,0.0,0.0,0.0
BCO BRASIL S.A.,BRASIL,BBAS12,Financeiro,Intermediários Financeiros,Bancos,0.0,0.0,0.0
BCO BRASIL S.A.,BRASIL,BBAS3,Financeiro,Intermediários Financeiros,Bancos,97825300000.0,2865420000.0,712042000.0
ALPARGATAS S.A.,ALPARGATAS,ALPA3,Consumo Cíclico,Tecidos. Vestuário e Calçados,Calçados,14613300000.0,588062000.0,45135.0
ALPARGATAS S.A.,ALPARGATAS,ALPA4,Consumo Cíclico,Tecidos. Vestuário e Calçados,Calçados,17518400000.0,588062000.0,56918400.0
SARAIVA LIVREIROS S.A. - EM RECUPERAÇÃO JUDICIAL,SARAIVA LIVR,SLED3,Consumo Cíclico,Comércio,Produtos Diversos,82580400.0,45878000.0,398665.0
SARAIVA LIVREIROS S.A. - EM RECUPERAÇÃO JUDICIAL,SARAIVA LIVR,SLED4,Consumo Cíclico,Comércio,Produtos Diversos,42666500.0,45878000.0,1109980.0
SONDOTECNICA ENGENHARIA SOLOS S.A.,SONDOTECNICA,SOND3,Bens Industriais,Construção e Engenharia,Engenharia Consultiva,93404000.0,2458000.0,0.0
SONDOTECNICA ENGENHARIA SOLOS S.A.,SONDOTECNICA,SOND5,Bens Industriais,Construção e Engenharia,Engenharia Consultiva,90946000.0,2458000.0,0.0
SONDOTECNICA ENGENHARIA SOLOS S.A.,SONDOTECNICA,SOND6,Bens Industriais,Construção e Engenharia,Engenharia Consultiva,86030000.0,2458000.0,610.0
SPRINGER S.A.,SPRINGER,SPRI3,Financeiro,Holdings Diversificadas,Holdings Diversificadas,33686300.0,2529000.0,56616.0
SPRINGER S.A.,SPRINGER,SPRI5,Financeiro,Holdings Diversificadas,Holdings Diversificadas,26554500.0,2529000.0,5625.0
SPRINGER S.A.,SPRINGER,SPRI6,Financeiro,Holdings Diversificadas,Holdings Diversificadas,55638000.0,2529000.0,0.0
WLM PART. E COMÉRCIO DE MÁQUINAS E VEÍCULOS S.A.,WLM IND COM,WLMM3,Bens Industriais,Comércio,Material de Transporte,433335000.0,36414700.0,2357.0
WLM PART. E COMÉRCIO DE MÁQUINAS E VEÍCULOS S.A.,WLM IND COM,WLMM4,Bens Industriais,Comércio,Material de Transporte,650002000.0,36414700.0,30094.0
BCO ESTADO DE SERGIPE S.A. - BANESE,BANESE,BGIP3,Financeiro,Intermediários Financeiros,Bancos,674068000.0,15285000.0,597.0
BCO ESTADO DE SERGIPE S.A. - BANESE,BANESE,BGIP4,Financeiro,Intermediários Financeiros,Bancos,495540000.0,15285000.0,94676.0
TECNOSOLO ENGENHARIA S.A.,TECNOSOLO,TCNO3,Bens Industriais,Construção e Engenharia,Engenharia Consultiva,19793800.0,6620000.0,222678.0
TECNOSOLO ENGENHARIA S.A.,TECNOSOLO,TCNO4,Bens Industriais,Construção e Engenharia,Engenharia Consultiva,11320200.0,6620000.0,235398.0
TEKA-TECELAGEM KUEHNRICH S.A.,TEKA,TEKA3,Consumo Cíclico,Tecidos. Vestuário e Calçados,Fios e Tecidos,19370500.0,503000.0,95464.0
TEKA-TECELAGEM KUEHNRICH S.A.,TEKA,TEKA4,Consumo Cíclico,Tecidos. Vestuário e Calçados,Fios e Tecidos,6438400.0,503000.0,381265.0
TEKNO S.A. - INDUSTRIA E COMERCIO,TEKNO,TKNO3,Materiais Básicos,Siderurgia e Metalurgia,Artefatos de Ferro e Aço,0.0,0.0,0.0
TEKNO S.A. - INDUSTRIA E COMERCIO,TEKNO,TKNO4,Materiais Básicos,Siderurgia e Metalurgia,Artefatos de Ferro e Aço,115562000.0,2948000.0,0.0
TELEC BRASILEIRAS S.A. TELEBRAS,TELEBRAS,TELB3,Comunicações,Telecomunicações,Telecomunicações,10722700000.0,67865000.0,264236.0
TELEC BRASILEIRAS S.A. TELEBRAS,TELEBRAS,TELB4,Comunicações,Telecomunicações,Telecomunicações,2307410000.0,67865000.0,1623490.0
OI S.A.,OI,OIBR3,Comunicações,Telecomunicações,Telecomunicações,7085500000.0,5954210000.0,179402000.0
OI S.A.,OI,OIBR4,Comunicações,Telecomunicações,Telecomunicações,8812220000.0,5954210000.0,3766120.0
TRONOX PIGMENTOS DO BRASIL S.A.,CRISTAL,CRPG3,Materiais Básicos,Químicos,Químicos Diversos,754784000.0,29019000.0,1125.0
TRONOX PIGMENTOS DO BRASIL S.A.,CRISTAL,CRPG5,Materiais Básicos,Químicos,Químicos Diversos,664535000.0,29019000.0,216128.0
TRONOX PIGMENTOS DO BRASIL S.A.,CRISTAL,CRPG6,Materiais Básicos,Químicos,Químicos Diversos,678754000.0,29019000.0,19415.0
BANESTES S.A. - BCO EST ESPIRITO SANTO,BANESTES,BEES3,Financeiro,Intermediários Financeiros,Bancos,1886000000.0,315913000.0,185030.0
BANESTES S.A. - BCO EST ESPIRITO SANTO,BANESTES,BEES4,Financeiro,Intermediários Financeiros,Bancos,1927070000.0,315913000.0,38760.0
UNIPAR CARBOCLORO S.A.,UNIPAR,UNIP3,Materiais Básicos,Químicos,Químicos Diversos,2854170000.0,95617000.0,699733.0
UNIPAR CARBOCLORO S.A.,UNIPAR,UNIP5,Materiais Básicos,Químicos,Químicos Diversos,2730820000.0,95617000.0,28109.0
UNIPAR CARBOCLORO S.A.,UNIPAR,UNIP6,Materiais Básicos,Químicos,Químicos Diversos,2381820000.0,95617000.0,3658340.0
BCO ESTADO DO PARA S.A.,BANPARA,BPAR3,Financeiro,Intermediários Financeiros,Bancos,1733670000.0,9522000.0,0.0
VULCABRAS/AZALEIA S.A.,VULCABRAS,VULC3,Consumo Cíclico,Tecidos. Vestuário e Calçados,Calçados,1378690000.0,245756000.0,5862100.0
IOCHPE MAXION S.A.,IOCHP-MAXION,MYPK3,Consumo Cíclico,Automóveis e Motocicletas,Automóveis e Motocicletas,2167450000.0,153720000.0,29342300.0
AZEVEDO E TRAVASSOS S.A.,AZEVEDO,AZEV3,Bens Industriais,Construção e Engenharia,Construção Pesada,72360000.0,5400000.0,578459.0
AZEVEDO E TRAVASSOS S.A.,AZEVEDO,AZEV4,Bens Industriais,Construção e Engenharia,Construção Pesada,25380000.0,5400000.0,890434.0
WETZEL S.A.,WETZEL S/A,MWET3,Bens Industriais,Material de Transporte,Material Rodoviário,14406000.0,2058000.0,0.0
WETZEL S.A.,WETZEL S/A,MWET4,Bens Industriais,Material de Transporte,Material Rodoviário,8232000.0,2058000.0,90291.0
BCO ESTADO DO RIO GRANDE DO SUL S.A.,BANRISUL,BRSR3,Financeiro,Intermediários Financeiros,Bancos,6707170000.0,408974000.0,1152380.0
BCO ESTADO DO RIO GRANDE DO SUL S.A.,BANRISUL,BRSR5,Financeiro,Intermediários Financeiros,Bancos,8792940000.0,408974000.0,52538.0
BCO ESTADO DO RIO GRANDE DO SUL S.A.,BANRISUL,BRSR6,Financeiro,Intermediários Financeiros,Bancos,5876960000.0,408974000.0,39833100.0
BOMBRIL S.A.,BOMBRIL,BOBR3,Consumo não Cíclico,Produtos de Uso Pessoal e de Limpeza,Produtos de Limpeza,260510000.0,260510000.0,0.0
BOMBRIL S.A.,BOMBRIL,BOBR4,Consumo não Cíclico,Produtos de Uso Pessoal e de Limpeza,Produtos de Limpeza,617409000.0,260510000.0,418876.0
BCO NORDESTE DO BRASIL S.A.,NORD BRASIL,BNBR3,Financeiro,Intermediários Financeiros,Bancos,7340670000.0,86371000.0,37353.0
INDUSTRIAS J B DUARTE S.A.,J B DUARTE,JBDU3,Outros,Outros,Outros,17265400.0,5019000.0,73564.0
INDUSTRIAS J B DUARTE S.A.,J B DUARTE,JBDU4,Outros,Outros,Outros,8381730.0,5019000.0,138557.0
RECRUSUL S.A.,RECRUSUL,RCSL3,Bens Industriais,Material de Transporte,Material Rodoviário,0.0,0.0,0.0
RECRUSUL S.A.,RECRUSUL,RCSL4,Bens Industriais,Material de Transporte,Material Rodoviário,175151000.0,75823000.0,5255840.0
KLABIN S.A.,KLABIN S/A,KLBN11,Materiais Básicos,Madeira e Papel,Papel e Celulose,22693400000.0,5548500000.0,174184000.0
KLABIN S.A.,KLABIN S/A,KLBN3,Materiais Básicos,Madeira e Papel,Papel e Celulose,23192700000.0,5548500000.0,1853320.0
KLABIN S.A.,KLABIN S/A,KLBN4,Materiais Básicos,Madeira e Papel,Papel e Celulose,22582400000.0,5548500000.0,10239100.0
SANSUY S.A. INDUSTRIA DE PLASTICOS,SANSUY,SNSY3,Materiais Básicos,Materiais Diversos,Materiais Diversos,0.0,0.0,0.0
SANSUY S.A. INDUSTRIA DE PLASTICOS,SANSUY,SNSY5,Materiais Básicos,Materiais Diversos,Materiais Diversos,40916000.0,193000.0,24095.0
SANSUY S.A. INDUSTRIA DE PLASTICOS,SANSUY,SNSY6,Materiais Básicos,Materiais Diversos,Materiais Diversos,0.0,0.0,0.0
SIDERURGICA J. L. ALIPERTI S.A.,ALIPERTI,APTI3,Consumo não Cíclico,Agropecuária,Agricultura,0.0,0.0,0.0
SIDERURGICA J. L. ALIPERTI S.A.,ALIPERTI,APTI4,Consumo não Cíclico,Agropecuária,Agricultura,66500000.0,19000.0,0.0
BCO MERCANTIL DE INVESTIMENTOS S.A.,MERC INVEST,BMIN3,Financeiro,Intermediários Financeiros,Bancos,100360000.0,4825000.0,49067.0
BCO MERCANTIL DE INVESTIMENTOS S.A.,MERC INVEST,BMIN4,Financeiro,Intermediários Financeiros,Bancos,96500000.0,4825000.0,23987.0
BCO MERCANTIL DO BRASIL S.A.,MERC BRASIL,BMEB3,Financeiro,Intermediários Financeiros,Bancos,896314000.0,52416000.0,36907.0
BCO MERCANTIL DO BRASIL S.A.,MERC BRASIL,BMEB4,Financeiro,Intermediários Financeiros,Bancos,765274000.0,52416000.0,145221.0
JOSAPAR-JOAQUIM OLIVEIRA S.A. - PARTICIP,JOSAPAR,JOPA3,Consumo não Cíclico,Alimentos Processados,Alimentos Diversos,285714000.0,10582000.0,2313.0
JOSAPAR-JOAQUIM OLIVEIRA S.A. - PARTICIP,JOSAPAR,JOPA4,Consumo não Cíclico,Alimentos Processados,Alimentos Diversos,296296000.0,10582000.0,1844.0
HAGA S.A. INDUSTRIA E COMERCIO,HAGA S/A,HAGA3,Bens Industriais,Construção e Engenharia,Produtos para Construção,44625000.0,11900000.0,152055.0
HAGA S.A. INDUSTRIA E COMERCIO,HAGA S/A,HAGA4,Bens Industriais,Construção e Engenharia,Produtos para Construção,25942000.0,11900000.0,742492.0
METALURGICA RIOSULENSE S.A.,RIOSULENSE,RSUL3,Bens Industriais,Material de Transporte,Material Rodoviário,0.0,0.0,0.0
METALURGICA RIOSULENSE S.A.,RIOSULENSE,RSUL4,Bens Industriais,Material de Transporte,Material Rodoviário,80693000.0,583000.0,2708.0
POLPAR S.A.,POLPAR,PPAR3,Outros,Outros,Outros,0.0,0.0,0.0
PLASCAR PARTICIPACOES INDUSTRIAIS S.A.,PLASCAR PART,PLAS3,Consumo Cíclico,Automóveis e Motocicletas,Automóveis e Motocicletas,60758200.0,12425000.0,67679.0
MINUPAR PARTICIPACOES S.A.,MINUPAR,MNPR3,Consumo não Cíclico,Alimentos Processados,Carnes e Derivados,37204000.0,7100000.0,49820.0
PBG S/A,PORTOBELLO,PTBL3,Bens Industriais,Construção e Engenharia,Produtos para Construção,763917000.0,158489000.0,7675680.0
SAO CARLOS EMPREEND E PARTICIPACOES S.A.,SAO CARLOS,SCAR3,Financeiro,Exploração de Imóveis,Exploração de Imóveis,2272530000.0,57737000.0,601376.0
BCO ALFA DE INVESTIMENTO S.A.,ALFA INVEST,BRIV3,Financeiro,Intermediários Financeiros,Bancos,667166000.0,88601000.0,3907.0
BCO ALFA DE INVESTIMENTO S.A.,ALFA INVEST,BRIV4,Financeiro,Intermediários Financeiros,Bancos,680456000.0,88601000.0,38161.0
CEMEPE INVESTIMENTOS S.A.,CEMEPE,MAPT3,Outros,Outros,Outros,59735000.0,919000.0,0.0
CEMEPE INVESTIMENTOS S.A.,CEMEPE,MAPT4,Outros,Outros,Outros,45950000.0,919000.0,21011.0
SUZANO S.A.,SUZANO S.A.,SUZB3,Materiais Básicos,Madeira e Papel,Papel e Celulose,49931200000.0,1361260000.0,374611000.0
RANDON S.A. IMPLEMENTOS E PARTICIPACOES,RANDON PART,RAPT3,Bens Industriais,Material de Transporte,Material Rodoviário,3115440000.0,345776000.0,140684.0
RANDON S.A. IMPLEMENTOS E PARTICIPACOES,RANDON PART,RAPT4,Bens Industriais,Material de Transporte,Material Rodoviário,3872690000.0,345776000.0,41545500.0
BRB BCO DE BRASILIA S.A.,BRB BANCO,BSLI3,Financeiro,Intermediários Financeiros,Bancos,7257370000.0,36305000.0,4769.0
BRB BCO DE BRASILIA S.A.,BRB BANCO,BSLI4,Financeiro,Intermediários Financeiros,Bancos,2000770000.0,36305000.0,251.0
CIA PARANAENSE DE ENERGIA - COPEL,COPEL,CPLE3,Utilidade Pública,Energia Elétrica,Energia Elétrica,16096400000.0,273655000.0,23971600.0
CIA PARANAENSE DE ENERGIA - COPEL,COPEL,CPLE5,Utilidade Pública,Energia Elétrica,Energia Elétrica,11559200000.0,273655000.0,0.0
CIA PARANAENSE DE ENERGIA - COPEL,COPEL,CPLE6,Utilidade Pública,Energia Elétrica,Energia Elétrica,16561600000.0,273655000.0,101220000.0
USINAS SID DE MINAS GERAIS S.A.-USIMINAS,USIMINAS,USIM3,Materiais Básicos,Siderurgia e Metalurgia,Siderurgia,10187500000.0,1253080000.0,2567350.0
USINAS SID DE MINAS GERAIS S.A.-USIMINAS,USIMINAS,USIM5,Materiais Básicos,Siderurgia e Metalurgia,Siderurgia,9310380000.0,1253080000.0,166643000.0
USINAS SID DE MINAS GERAIS S.A.-USIMINAS,USIMINAS,USIM6,Materiais Básicos,Siderurgia e Metalurgia,Siderurgia,11904300000.0,1253080000.0,43.0
WHIRLPOOL S.A.,WHIRLPOOL,WHRL3,Consumo Cíclico,Utilidades Domésticas,Eletrodomésticos,10369200000.0,1502790000.0,163855.0
WHIRLPOOL S.A.,WHIRLPOOL,WHRL4,Consumo Cíclico,Utilidades Domésticas,Eletrodomésticos,10970300000.0,1502790000.0,432436.0
CIA ENERGETICA DE PERNAMBUCO - CELPE,CELPE,CEPE3,Utilidade Pública,Energia Elétrica,Energia Elétrica,1830230000.0,74612000.0,0.0
CIA ENERGETICA DE PERNAMBUCO - CELPE,CELPE,CEPE5,Utilidade Pública,Energia Elétrica,Energia Elétrica,2014520000.0,74612000.0,5387.0
CIA ENERGETICA DE PERNAMBUCO - CELPE,CELPE,CEPE6,Utilidade Pública,Energia Elétrica,Energia Elétrica,1492240000.0,74612000.0,409.0
CIA SANEAMENTO BASICO EST SAO PAULO,SABESP,SBSP3,Utilidade Pública,água e Saneamento,água e Saneamento,40135700000.0,683510000.0,241761000.0
CIA ENERGETICA DE BRASILIA,CEB,CEBR3,Utilidade Pública,Energia Elétrica,Energia Elétrica,828920000.0,14416000.0,94774.0
CIA ENERGETICA DE BRASILIA,CEB,CEBR5,Utilidade Pública,Energia Elétrica,Energia Elétrica,1153280000.0,14416000.0,2439.0
CIA ENERGETICA DE BRASILIA,CEB,CEBR6,Utilidade Pública,Energia Elétrica,Energia Elétrica,979855000.0,14416000.0,29544.0
CYRELA BRAZIL REALTY S.A.EMPREEND E PART,CYRELA REALT,CYRE3,Consumo Cíclico,Construção Civil,Incorporações,11204800000.0,399743000.0,193554000.0
CIA ELETRICIDADE EST. DA BAHIA - COELBA,COELBA,CEEB3,Utilidade Pública,Energia Elétrica,Energia Elétrica,10745900000.0,262096000.0,4651.0
CIA ELETRICIDADE EST. DA BAHIA - COELBA,COELBA,CEEB5,Utilidade Pública,Energia Elétrica,Energia Elétrica,10745900000.0,262096000.0,1361.0
CIA ELETRICIDADE EST. DA BAHIA - COELBA,COELBA,CEEB6,Utilidade Pública,Energia Elétrica,Energia Elétrica,0.0,0.0,0.0
ENERGISA MATO GROSSO-DISTRIBUIDORA DE ENERGIA S/A,ENERGISA MT,ENMT3,Utilidade Pública,Energia Elétrica,Energia Elétrica,6568260000.0,218942000.0,20121.0
ENERGISA MATO GROSSO-DISTRIBUIDORA DE ENERGIA S/A,ENERGISA MT,ENMT4,Utilidade Pública,Energia Elétrica,Energia Elétrica,6568260000.0,218942000.0,71918.0
SCHULZ S.A.,SCHULZ,SHUL3,Bens Industriais,Máquinas e Equipamentos,Motores . Compressores e Outros,0.0,0.0,0.0
SCHULZ S.A.,SCHULZ,SHUL4,Bens Industriais,Máquinas e Equipamentos,Motores . Compressores e Outros,1087320000.0,89344000.0,2576480.0
CIA HERING,CIA HERING,HGTX3,Consumo Cíclico,Tecidos. Vestuário e Calçados,Vestuário,2623300000.0,162534000.0,62627400.0
CIMS S.A.,CIMS,CMSA3,Outros,Outros,Outros,0.0,0.0,0.0
CIMS S.A.,CIMS,CMSA4,Outros,Outros,Outros,0.0,0.0,0.0
CIA BRASILEIRA DE DISTRIBUICAO,P.ACUCAR-CBD,PCAR3,Consumo não Cíclico,Comércio e Distribuição,Alimentos,18951100000.0,268049000.0,116577000.0
CIA ENERGETICA DO CEARA - COELCE,COELCE,COCE3,Utilidade Pública,Energia Elétrica,Energia Elétrica,3892750000.0,77855000.0,773.0
CIA ENERGETICA DO CEARA - COELCE,COELCE,COCE5,Utilidade Pública,Energia Elétrica,Energia Elétrica,4406590000.0,77855000.0,1833660.0
CIA ENERGETICA DO CEARA - COELCE,COELCE,COCE6,Utilidade Pública,Energia Elétrica,Energia Elétrica,2724920000.0,77855000.0,0.0
LITEL PARTICIPACOES S.A.,LITEL,LTEL3B,Materiais Básicos,Mineração,Minerais Metálicos,0.0,0.0,0.0
BARDELLA S.A. INDUSTRIAS MECANICAS,BARDELLA,BDLL3,Bens Industriais,Máquinas e Equipamentos,Máq. e Equip. Industriais,38384000.0,1600000.0,545.0
BARDELLA S.A. INDUSTRIAS MECANICAS,BARDELLA,BDLL4,Bens Industriais,Máquinas e Equipamentos,Máq. e Equip. Industriais,13600000.0,1600000.0,21965.0
ENERGISA S.A.,ENERGISA,ENGI11,Utilidade Pública,Energia Elétrica,Energia Elétrica,17263700000.0,1814560000.0,76894800.0
ENERGISA S.A.,ENERGISA,ENGI3,Utilidade Pública,Energia Elétrica,Energia Elétrica,22173900000.0,1814560000.0,107851.0
ENERGISA S.A.,ENERGISA,ENGI4,Utilidade Pública,Energia Elétrica,Energia Elétrica,16040700000.0,1814560000.0,177255.0
RUMO MALHA NORTE S.A.,ALL NORTE,FRRN3B,Bens Industriais,Transporte,Transporte Ferroviário,0.0,0.0,0.0
RUMO MALHA NORTE S.A.,ALL NORTE,FRRN5B,Bens Industriais,Transporte,Transporte Ferroviário,0.0,0.0,0.0
RUMO MALHA NORTE S.A.,ALL NORTE,FRRN6B,Bens Industriais,Transporte,Transporte Ferroviário,0.0,0.0,0.0
FERROVIA CENTRO-ATLANTICA S.A.,FER C ATLANT,VSPT3,Bens Industriais,Transporte,Transporte Ferroviário,0.0,0.0,0.0
FERROVIA CENTRO-ATLANTICA S.A.,FER C ATLANT,VSPT4,Bens Industriais,Transporte,Transporte Ferroviário,0.0,0.0,0.0
ATOM EMPREENDIMENTOS E PARTICIPAÇÕES S.A.,ATOMPAR,ATOM3,Outros,Outros,Outros,45350800.0,20899000.0,278234.0
BATTISTELLA ADM PARTICIPACOES S.A.,BATTISTELLA,BTTL3,Bens Industriais,Comércio,Material de Transporte,93921500.0,14861000.0,18919.0
NEOENERGIA S.A.,NEOENERGIA,NEOE3,Utilidade Pública,Energia Elétrica,Energia Elétrica,23923900000.0,1213800000.0,54267000.0
BAUMER S.A.,BAUMER,BALM3,Saúde,Equipamentos,Equipamentos,128968000.0,9800000.0,4232.0
BAUMER S.A.,BAUMER,BALM4,Saúde,Equipamentos,Equipamentos,97902000.0,9800000.0,11859.0
CIA GAS DE SAO PAULO - COMGAS,COMGAS,CGAS3,Utilidade Pública,Gás,Gás,24383900000.0,132521000.0,19156.0
CIA GAS DE SAO PAULO - COMGAS,COMGAS,CGAS5,Utilidade Pública,Gás,Gás,22926100000.0,132521000.0,790687.0
EXCELSIOR ALIMENTOS S.A.,EXCELSIOR,BAUH3,Consumo não Cíclico,Alimentos Processados,Carnes e Derivados,0.0,0.0,0.0
EXCELSIOR ALIMENTOS S.A.,EXCELSIOR,BAUH4,Consumo não Cíclico,Alimentos Processados,Carnes e Derivados,469980000.0,5222000.0,36504.0
ELETROBRÁS PARTICIPAÇÕES S.A. - ELETROPAR,ELETROPAR,LIPR3,Utilidade Pública,Energia Elétrica,Energia Elétrica,900023000.0,11765000.0,174.0
GAFISA S.A.,GAFISA,GFSA3,Consumo Cíclico,Construção Civil,Incorporações,770400000.0,120000000.0,50543800.0
BRF S.A.,BRF SA,BRFS3,Consumo não Cíclico,Alimentos Processados,Carnes e Derivados,16736900000.0,812473000.0,243591000.0
ROSSI RESIDENCIAL S.A.,ROSSI RESID,RSID3,Consumo Cíclico,Construção Civil,Incorporações,110296000.0,17153300.0,1325270.0
SUL 116 PARTICIPACOES S.A.,SUL 116 PART,OPTS3B,Outros,Outros,Outros,0.0,0.0,0.0
EMPRESA NAC COM REDITO PART S.A.ENCORPAR,ENCORPAR,ECPR3,Consumo Cíclico,Tecidos. Vestuário e Calçados,Fios e Tecidos,148580000.0,1900000.0,0.0
EMPRESA NAC COM REDITO PART S.A.ENCORPAR,ENCORPAR,ECPR4,Consumo Cíclico,Tecidos. Vestuário e Calçados,Fios e Tecidos,153900000.0,1900000.0,0.0
SUDESTE S.A.,SUDESTE S/A,OPSE3B,Outros,Outros,Outros,0.0,0.0,0.0
EQUATORIAL MARANHÃO DISTRIBUIDORA DE ENERGIA S.A.,EQTLMARANHAO,EQMA3B,Utilidade Pública,Energia Elétrica,Energia Elétrica,0.0,0.0,0.0
EQUATORIAL MARANHÃO DISTRIBUIDORA DE ENERGIA S.A.,EQTLMARANHAO,EQMA5B,Utilidade Pública,Energia Elétrica,Energia Elétrica,0.0,0.0,0.0
EQUATORIAL MARANHÃO DISTRIBUIDORA DE ENERGIA S.A.,EQTLMARANHAO,EQMA6B,Utilidade Pública,Energia Elétrica,Energia Elétrica,0.0,0.0,0.0
CIA DISTRIB DE GAS DO RIO DE JANEIRO-CEG,CEG,CEGR3,Utilidade Pública,Gás,Gás,15604200000.0,259638000.0,841.0
UPTICK PARTICIPACOES S.A.,UPTICK,UPKP3B,Utilidade Pública,Energia Elétrica,Energia Elétrica,0.0,0.0,0.0
GPC PARTICIPACOES S.A.,GPC PART,GPCP3,Materiais Básicos,Químicos,Petroquímicos,270590000.0,6268000.0,685420.0
GPC PARTICIPACOES S.A.,GPC PART,GPCP4,Materiais Básicos,Químicos,Petroquímicos,0.0,0.0,0.0
PORTO SEGURO S.A.,PORTO SEGURO,PSSA3,Financeiro,Previdência e Seguros,Seguradoras,17250900000.0,323293000.0,42539700.0
ALEF S.A.,ALEF S/A,ALEF3B,Outros,Outros,Outros,0.0,0.0,0.0
CIA CATARINENSE DE AGUAS E SANEAM.-CASAN,CASAN,CASN3,Utilidade Pública,água e Saneamento,água e Saneamento,12871700000.0,715094000.0,0.0
CIA CATARINENSE DE AGUAS E SANEAM.-CASAN,CASAN,CASN4,Utilidade Pública,água e Saneamento,água e Saneamento,0.0,0.0,0.0
BICICLETAS MONARK S.A.,BIC MONARK,BMKS3,Consumo Cíclico,Viagens e Lazer,Bicicletas,85493000.0,454750.0,15390.0
OPPORTUNITY ENERGIA E PARTICIPACOES S.A.,OPPORT ENERG,OPHE3B,Outros,Outros,Outros,0.0,0.0,0.0
EMAE - EMPRESA METROP.AGUAS ENERGIA S.A.,EMAE,EMAE3,Utilidade Pública,Energia Elétrica,Energia Elétrica,0.0,0.0,0.0
EMAE - EMPRESA METROP.AGUAS ENERGIA S.A.,EMAE,EMAE4,Utilidade Pública,Energia Elétrica,Energia Elétrica,1108410000.0,36947000.0,173278.0
ENGIE BRASIL ENERGIA S.A.,ENGIE BRASIL,EGIE3,Utilidade Pública,Energia Elétrica,Energia Elétrica,35035900000.0,815928000.0,89862700.0
RUMO S.A.,RUMO S.A.,RAIL3,Bens Industriais,Transporte,Transporte Ferroviário,35607900000.0,1559020000.0,191944000.0
ELEKTRO REDES S.A.,ELEKTRO,EKTR3,Utilidade Pública,Energia Elétrica,Energia Elétrica,3855800000.0,193759000.0,612.0
ELEKTRO REDES S.A.,ELEKTRO,EKTR4,Utilidade Pública,Energia Elétrica,Energia Elétrica,3913930000.0,193759000.0,1333.0
INNCORP S.A.,SELECTPART,SLCT3B,Outros,Outros,Outros,0.0,0.0,0.0
TIM PARTICIPACOES S.A.,TIM PART S/A,TIMP3,Comunicações,Telecomunicações,Telecomunicações,36097600000.0,2421030000.0,113071000.0
TELEFÔNICA BRASIL S.A,TELEF BRASIL,VIVT3,Comunicações,Telecomunicações,Telecomunicações,82841400000.0,1690980000.0,4319670.0
TELEFÔNICA BRASIL S.A,TELEF BRASIL,VIVT4,Comunicações,Telecomunicações,Telecomunicações,82604600000.0,1690980000.0,136305000.0
BETAPART PARTICIPACOES S.A.,BETAPART,BETP3B,Outros,Outros,Outros,0.0,0.0,0.0
SANTOS BRASIL PARTICIPACOES S.A.,SANTOS BRP,STBP3,Bens Industriais,Transporte,Serviços de Apoio e Armazenagem,3844640000.0,669798000.0,24419700.0
MMX MINERACAO E METALICOS S.A.,MMX MINER,MMXM3,Materiais Básicos,Mineração,Minerais Metálicos,12651600.0,6488000.0,49226.0
MRS LOGISTICA S.A.,MRS LOGIST,MRSA3B,Bens Industriais,Transporte,Transporte Ferroviário,0.0,0.0,0.0
MRS LOGISTICA S.A.,MRS LOGIST,MRSA5B,Bens Industriais,Transporte,Transporte Ferroviário,0.0,0.0,0.0
MRS LOGISTICA S.A.,MRS LOGIST,MRSA6B,Bens Industriais,Transporte,Transporte Ferroviário,0.0,0.0,0.0
GAMA PARTICIPACOES S.A.,GAMA PART,OPGM3B,Outros,Outros,Outros,0.0,0.0,0.0
COGNA EDUCAÇÃO S.A.,COGNA ON,COGN3,Consumo Cíclico,Diversos,Serviços Educacionais,16213900000.0,1876610000.0,405291000.0
CIA ENERGETICA DO RIO GDE NORTE - COSERN,COSERN,CSRN3,Utilidade Pública,Energia Elétrica,Energia Elétrica,3008520000.0,168074000.0,2119.0
CIA ENERGETICA DO RIO GDE NORTE - COSERN,COSERN,CSRN5,Utilidade Pública,Energia Elétrica,Energia Elétrica,3529550000.0,168074000.0,0.0
CIA ENERGETICA DO RIO GDE NORTE - COSERN,COSERN,CSRN6,Utilidade Pública,Energia Elétrica,Energia Elétrica,3107690000.0,168074000.0,84.0
EQUATORIAL PARA DISTRIBUIDORA DE ENERGIA S.A.,EQTL PARA,EQPA3,Utilidade Pública,Energia Elétrica,Energia Elétrica,7952670000.0,2209070000.0,304545.0
EQUATORIAL PARA DISTRIBUIDORA DE ENERGIA S.A.,EQTL PARA,EQPA5,Utilidade Pública,Energia Elétrica,Energia Elétrica,14800800000.0,2209070000.0,6291.0
EQUATORIAL PARA DISTRIBUIDORA DE ENERGIA S.A.,EQTL PARA,EQPA6,Utilidade Pública,Energia Elétrica,Energia Elétrica,23592900000.0,2209070000.0,125.0
EQUATORIAL PARA DISTRIBUIDORA DE ENERGIA S.A.,EQTL PARA,EQPA7,Utilidade Pública,Energia Elétrica,Energia Elétrica,13254400000.0,2209070000.0,10878.0
PROMPT PARTICIPACOES S.A.,PROMPT PART,PRPT3B,Outros,Outros,Outros,0.0,0.0,0.0
RIO PARANAPANEMA ENERGIA S.A.,GER PARANAP,GEPA3,Utilidade Pública,Energia Elétrica,Energia Elétrica,3952020000.0,94433000.0,69210.0
RIO PARANAPANEMA ENERGIA S.A.,GER PARANAP,GEPA4,Utilidade Pública,Energia Elétrica,Energia Elétrica,4343920000.0,94433000.0,20158.0
CTEEP - CIA TRANSMISSÃO ENERGIA ELÉTRICA PAULISTA,TRAN PAULIST,TRPL3,Utilidade Pública,Energia Elétrica,Energia Elétrica,16636800000.0,658883000.0,95511.0
CTEEP - CIA TRANSMISSÃO ENERGIA ELÉTRICA PAULISTA,TRAN PAULIST,TRPL4,Utilidade Pública,Energia Elétrica,Energia Elétrica,13803600000.0,658883000.0,38688700.0
PADTEC HOLDING S.A.,PADTEC,PDTC3,Financeiro,Serviços Financeiros Diversos,Serviços Financeiros Diversos,0.0,0.0,0.0
ULTRAPAR PARTICIPACOES S.A.,ULTRAPAR,UGPA3,Petróleo. Gás e Biocombustíveis,Petróleo. Gás e Biocombustíveis,Exploração. Refino e Distribuição,20637200000.0,1114920000.0,140107000.0
TERMINAL GARAGEM MENEZES CORTES S.A.,MENEZES CORT,MNZC3B,Financeiro,Exploração de Imóveis,Exploração de Imóveis,0.0,0.0,0.0
DTCOM - DIRECT TO COMPANY S.A.,DTCOM-DIRECT,DTCY3,Bens Industriais,Serviços,Serviços Diversos,48681200.0,7789000.0,34893.0
DTCOM - DIRECT TO COMPANY S.A.,DTCOM-DIRECT,DTCY4,Bens Industriais,Serviços,Serviços Diversos,0.0,0.0,0.0
CIA SANEAMENTO DO PARANA - SANEPAR,SANEPAR,SAPR11,Utilidade Pública,água e Saneamento,água e Saneamento,9466190000.0,1511210000.0,64795700.0
CIA SANEAMENTO DO PARANA - SANEPAR,SANEPAR,SAPR3,Utilidade Pública,água e Saneamento,água e Saneamento,9973960000.0,1511210000.0,1615210.0
CIA SANEAMENTO DO PARANA - SANEPAR,SANEPAR,SAPR4,Utilidade Pública,água e Saneamento,água e Saneamento,9384590000.0,1511210000.0,16525700.0
CPFL ENERGIA S.A.,CPFL ENERGIA,CPFE3,Utilidade Pública,Energia Elétrica,Energia Elétrica,34959400000.0,1152250000.0,130982000.0
CIA PARTICIPACOES ALIANCA DA BAHIA,PAR AL BAHIA,PEAB3,Financeiro,Holdings Diversificadas,Holdings Diversificadas,706750000.0,12850000.0,1278.0
CIA PARTICIPACOES ALIANCA DA BAHIA,PAR AL BAHIA,PEAB4,Financeiro,Holdings Diversificadas,Holdings Diversificadas,771000000.0,12850000.0,273.0
BRADESPAR S.A.,BRADESPAR,BRAP3,Materiais Básicos,Mineração,Minerais Metálicos,11927100000.0,348034000.0,490748.0
BRADESPAR S.A.,BRADESPAR,BRAP4,Materiais Básicos,Mineração,Minerais Metálicos,13072200000.0,348034000.0,90788700.0
INVESTIMENTOS E PARTICIP. EM INFRA S.A. - INVEPAR,INVEPAR,IVPR3B,Bens Industriais,Transporte,Serviços de Apoio e Armazenagem,0.0,0.0,0.0
INVESTIMENTOS E PARTICIP. EM INFRA S.A. - INVEPAR,INVEPAR,IVPR4B,Bens Industriais,Transporte,Serviços de Apoio e Armazenagem,0.0,0.0,0.0
CCR S.A.,CCR SA,CCRO3,Bens Industriais,Transporte,Exploração de Rodovias,29290000000.0,2020000000.0,144146000.0
AES TIETE ENERGIA SA,AES TIETE E,TIET11,Utilidade Pública,Energia Elétrica,Energia Elétrica,6501450000.0,1995530000.0,26564500.0
AES TIETE ENERGIA SA,AES TIETE E,TIET3,Utilidade Pública,Energia Elétrica,Energia Elétrica,6844680000.0,1995530000.0,568641.0
AES TIETE ENERGIA SA,AES TIETE E,TIET4,Utilidade Pública,Energia Elétrica,Energia Elétrica,6385710000.0,1995530000.0,1951080.0
CABINDA PARTICIPACOES S.A.,CABINDA PART,CABI3B,Outros,Outros,Outros,0.0,0.0,0.0
CACONDE PARTICIPACOES S.A.,CACONDE PART,CACO3B,Outros,Outros,Outros,0.0,0.0,0.0
CONC RIO-TERESOPOLIS S.A.,CONC RIO TER,CRTE3B,Bens Industriais,Transporte,Exploração de Rodovias,0.0,0.0,0.0
CONC RIO-TERESOPOLIS S.A.,CONC RIO TER,CRTE5B,Bens Industriais,Transporte,Exploração de Rodovias,0.0,0.0,0.0
PRODUTORES ENERGET.DE MANSO S.A.- PROMAN,PROMAN,PRMN3B,Utilidade Pública,Energia Elétrica,Energia Elétrica,0.0,0.0,0.0
BIOMM S.A.,BIOMM,BIOM3,Saúde,Medicamentos e Outros Produtos,Medicamentos e Outros Produtos,1085140000.0,60792000.0,1987650.0
TPI - TRIUNFO PARTICIP. E INVEST. S.A.,TRIUNFO PART,TPIS3,Bens Industriais,Transporte,Exploração de Rodovias,241120000.0,176000000.0,1058510.0
ITAU UNIBANCO HOLDING S.A.,ITAUUNIBANCO,ITUB3,Financeiro,Intermediários Financeiros,Bancos,247751000000.0,9804140000.0,26096800.0
ITAU UNIBANCO HOLDING S.A.,ITAUUNIBANCO,ITUB4,Financeiro,Intermediários Financeiros,Bancos,266672000000.0,9804140000.0,1104940000.0
CIA SANEAMENTO DE MINAS GERAIS-COPASA MG,COPASA,CSMG3,Utilidade Pública,água e Saneamento,água e Saneamento,7355360000.0,126751000.0,57698500.0
ECORODOVIAS INFRAESTRUTURA E LOGÍSTICA S.A.,ECORODOVIAS,ECOR3,Bens Industriais,Transporte,Exploração de Rodovias,7983810000.0,558699000.0,68299600.0
GOL LINHAS AEREAS INTELIGENTES S.A.,GOL,GOLL4,Bens Industriais,Transporte,Transporte Aéreo,7434110000.0,355699000.0,303531000.0
GRENDENE S.A.,GRENDENE,GRND3,Consumo Cíclico,Tecidos. Vestuário e Calçados,Calçados,7118040000.0,902160000.0,13829300.0
DIAGNOSTICOS DA AMERICA S.A.,DASA,DASA3,Saúde,Serv.Méd.Hospit..Análises e Diagnósticos,Serv.Méd.Hospit..Análises e Diagnósticos,33657000000.0,480814000.0,8243.0
POMIFRUTAS S/A,POMIFRUTAS,FRTA3,Consumo não Cíclico,Agropecuária,Agricultura,9905480.0,2001110.0,80126.0
LOCALIZA RENT A CAR S.A.,LOCALIZA,RENT3,Consumo Cíclico,Diversos,Aluguel de carros,33023700000.0,758467000.0,329608000.0
EDP - ENERGIAS DO BRASIL S.A.,ENERGIAS BR,ENBR3,Utilidade Pública,Energia Elétrica,Energia Elétrica,10753400000.0,606850000.0,43875800.0
COSAN S.A.,COSAN,CSAN3,Petróleo. Gás e Biocombustíveis,Petróleo. Gás e Biocombustíveis,Exploração. Refino e Distribuição,29329200000.0,394210000.0,128471000.0
LIGHT S.A.,LIGHT S/A,LIGT3,Utilidade Pública,Energia Elétrica,Energia Elétrica,5440420000.0,303934000.0,51900600.0
BR MALLS PARTICIPACOES S.A.,BR MALLS PAR,BRML3,Financeiro,Exploração de Imóveis,Exploração de Imóveis,9840300000.0,873141000.0,153932000.0
BR PROPERTIES S.A.,BR PROPERT,BRPR3,Financeiro,Exploração de Imóveis,Exploração de Imóveis,4905270000.0,491510000.0,33834500.0
TOTVS S.A.,TOTVS,TOTS3,Tecnologia da Informação,Programas e Serviços,Programas e Serviços,14488300000.0,577913000.0,105861000.0
EQUATORIAL ENERGIA S.A.,EQUATORIAL,EQTL3,Utilidade Pública,Energia Elétrica,Energia Elétrica,24691400000.0,1010290000.0,178316000.0
VALID SOLUÇÕES S.A.,VALID,VLID3,Bens Industriais,Serviços,Serviços Diversos,801281000.0,71225000.0,10937700.0
BRASILAGRO - CIA BRAS DE PROP AGRICOLAS,BRASILAGRO,AGRO3,Consumo não Cíclico,Agropecuária,Agricultura,1374370000.0,62104300.0,3693430.0
CSU CARDSYSTEM S.A.,CSU CARDSYST,CARD3,Bens Industriais,Serviços,Serviços Diversos,536294000.0,41800000.0,3601880.0
LUPATECH S.A.,LUPATECH,LUPA3,Petróleo. Gás e Biocombustíveis,Petróleo. Gás e Biocombustíveis,Equipamentos e Serviços,64355600.0,25437000.0,1518340.0
EMBRAER S.A.,EMBRAER,EMBR3,Bens Industriais,Material de Transporte,Material Aeronáutico e de Defesa,5968150000.0,740465000.0,163289000.0
ODONTOPREV S.A.,ODONTOPREV,ODPV3,Saúde,Serv.Méd.Hospit..Análises e Diagnósticos,Serv.Méd.Hospit..Análises e Diagnósticos,7825980000.0,531295000.0,23966500.0
TRANSMISSORA ALIANÇA DE ENERGIA ELÉTRICA S.A.,TAESA,TAEE11,Utilidade Pública,Energia Elétrica,Energia Elétrica,9814770000.0,1033500000.0,75795800.0
TRANSMISSORA ALIANÇA DE ENERGIA ELÉTRICA S.A.,TAESA,TAEE3,Utilidade Pública,Energia Elétrica,Energia Elétrica,9818220000.0,1033500000.0,498382.0
TRANSMISSORA ALIANÇA DE ENERGIA ELÉTRICA S.A.,TAESA,TAEE4,Utilidade Pública,Energia Elétrica,Energia Elétrica,9859560000.0,1033500000.0,885365.0
M.DIAS BRANCO S.A. IND COM DE ALIMENTOS,M.DIASBRANCO,MDIA3,Consumo não Cíclico,Alimentos Processados,Alimentos Diversos,13770200000.0,339000000.0,41869400.0
PROFARMA DISTRIB PROD FARMACEUTICOS S.A.,PROFARMA,PFRM3,Saúde,Comércio e Distribuição,Medicamentos e Outros Produtos,819642000.0,123813000.0,4317900.0
TERRA SANTA AGRO S.A.,TERRA SANTA,TESA3,Consumo não Cíclico,Agropecuária,Agricultura,376832000.0,21657000.0,1088110.0
POSITIVO TECNOLOGIA S.A.,POSITIVO TEC,POSI3,Tecnologia da Informação,Computadores e Equipamentos,Computadores e Equipamentos,794080000.0,141800000.0,28948500.0
LPS BRASIL - CONSULTORIA DE IMOVEIS S.A.,LOPES BRASIL,LPSB3,Financeiro,Exploração de Imóveis,Intermediação Imobiliária,815977000.0,147555000.0,5970690.0
TECNISA S.A.,TECNISA,TCSA3,Consumo Cíclico,Construção Civil,Incorporações,971035000.0,73619000.0,29650200.0
RNI NEGÓCIOS IMOBILIÁRIOS S.A.,RNI,RDNI3,Consumo Cíclico,Construção Civil,Incorporações,610591000.0,43770000.0,313531.0
PDG REALTY S.A. EMPREEND E PARTICIPACOES,PDG REALT,PDGR3,Consumo Cíclico,Construção Civil,Incorporações,43884500.0,8067000.0,557693.0
IGUATEMI EMPRESA DE SHOPPING CENTERS S.A,IGUATEMI,IGTA3,Financeiro,Exploração de Imóveis,Exploração de Imóveis,6453400000.0,176612000.0,86193100.0
SAO MARTINHO S.A.,SAO MARTINHO,SMTO3,Consumo não Cíclico,Alimentos Processados,Açucar e Alcool,7218280000.0,354011000.0,36974100.0
EVEN CONSTRUTORA E INCORPORADORA S.A.,EVEN,EVEN3,Consumo Cíclico,Construção Civil,Incorporações,2919240000.0,212000000.0,32587200.0
BCO SANTANDER (BRASIL) S.A.,SANTANDER BR,SANB11,Financeiro,Intermediários Financeiros,Bancos,108841000000.0,7498530000.0,114235000.0
BCO SANTANDER (BRASIL) S.A.,SANTANDER BR,SANB3,Financeiro,Intermediários Financeiros,Bancos,107004000000.0,7498530000.0,2812270.0
BCO SANTANDER (BRASIL) S.A.,SANTANDER BR,SANB4,Financeiro,Intermediários Financeiros,Bancos,110828000000.0,7498530000.0,2876600.0
BCO PINE S.A.,PINE,PINE3,Financeiro,Intermediários Financeiros,Bancos,0.0,148158000.0,0.0
BCO PINE S.A.,PINE,PINE4,Financeiro,Intermediários Financeiros,Bancos,468179000.0,148158000.0,939678.0
JBS S.A.,JBS,JBSS3,Consumo não Cíclico,Alimentos Processados,Carnes e Derivados,62324600000.0,2728750000.0,439003000.0
JHSF PARTICIPACOES S.A.,JHSF PART,JHSF3,Consumo Cíclico,Construção Civil,Incorporações,6053320000.0,641242000.0,82871200.0
METALFRIO SOLUTIONS S.A.,METALFRIO,FRIO3,Bens Industriais,Máquinas e Equipamentos,Máq. e Equip. Industriais,468198000.0,4107000.0,13011.0
FERTILIZANTES HERINGER S.A.,FER HERINGER,FHER3,Materiais Básicos,Químicos,Fertilizantes e Defensivos,177190000.0,53857000.0,767012.0
CR2 EMPREENDIMENTOS IMOBILIARIOS S.A.,CR2,CRDE3,Consumo Cíclico,Construção Civil,Incorporações,52775400.0,2422000.0,60352.0
CIA ESTADUAL DE DISTRIB ENER ELET-CEEE-D,CEEE-D,CEED3,Utilidade Pública,Energia Elétrica,Energia Elétrica,774480000.0,9681000.0,5637.0
CIA ESTADUAL DE DISTRIB ENER ELET-CEEE-D,CEEE-D,CEED4,Utilidade Pública,Energia Elétrica,Energia Elétrica,968100000.0,9681000.0,227.0
VIVER INCORPORADORA E CONSTRUTORA S.A.,VIVER,VIVR3,Consumo Cíclico,Construção Civil,Incorporações,116630000.0,60430000.0,2380000.0
LOG-IN LOGISTICA INTERMODAL S.A.,LOG-IN,LOGN3,Bens Industriais,Transporte,Transporte Hidroviário,1741630000.0,105489000.0,19591000.0
SLC AGRICOLA S.A.,SLC AGRICOLA,SLCE3,Consumo não Cíclico,Agropecuária,Agricultura,4745820000.0,190595000.0,40836000.0
EZ TEC EMPREEND. E PARTICIPACOES S.A.,EZTEC,EZTC3,Consumo Cíclico,Construção Civil,Incorporações,9622530000.0,227000000.0,106427000.0
MARFRIG GLOBAL FOODS S.A.,MARFRIG,MRFG3,Consumo não Cíclico,Alimentos Processados,Carnes e Derivados,9446990000.0,711370000.0,179672000.0
TEGMA GESTAO LOGISTICA S.A.,TEGMA,TGMA3,Bens Industriais,Transporte,Transporte Rodoviário,1737200000.0,66003000.0,17219600.0
HELBOR EMPREENDIMENTOS S.A.,HELBOR,HBOR3,Consumo Cíclico,Construção Civil,Incorporações,2242000000.0,669255000.0,60029900.0
BCO INDUSVAL S.A.,INDUSVAL,IDVL3,Financeiro,Intermediários Financeiros,Bancos,246509000.0,86798800.0,251279.0
BCO INDUSVAL S.A.,INDUSVAL,IDVL4,Financeiro,Intermediários Financeiros,Bancos,295116000.0,86798800.0,43020.0
MRV ENGENHARIA E PARTICIPACOES S.A.,MRV,MRVE3,Consumo Cíclico,Construção Civil,Incorporações,10395700000.0,481954000.0,90436500.0
MINERVA S.A.,MINERVA,BEEF3,Consumo não Cíclico,Alimentos Processados,Carnes e Derivados,6538260000.0,486478000.0,115039000.0
BCO ABC BRASIL S.A.,ABC BRASIL,ABCB4,Financeiro,Intermediários Financeiros,Bancos,3284120000.0,218359000.0,13093100.0
SPRINGS GLOBAL PARTICIPACOES S.A.,SPRINGS,SGPS3,Consumo Cíclico,Tecidos. Vestuário e Calçados,Fios e Tecidos,362500000.0,50000000.0,1423470.0
MULTIPLAN - EMPREEND IMOBILIARIOS S.A.,MULTIPLAN,MULT3,Financeiro,Exploração de Imóveis,Exploração de Imóveis,14057800000.0,600761000.0,151899000.0
B2W - COMPANHIA DIGITAL,B2W DIGITAL,BTOW3,Consumo Cíclico,Comércio,Produtos Diversos,62913100000.0,523229000.0,393219000.0
CAMBUCI S.A.,CAMBUCI,CAMB3,Consumo Cíclico,Tecidos. Vestuário e Calçados,Calçados,197306000.0,41980000.0,1921790.0
GENERAL SHOPPING E OUTLETS DO BRASIL S.A.,GENERALSHOPP,GSHP3,Financeiro,Exploração de Imóveis,Exploração de Imóveis,101993000.0,1928770.0,59017.0
YDUQS PARTICIPACOES S.A.,YDUQS PART,YDUQ3,Consumo Cíclico,Diversos,Serviços Educacionais,10988100000.0,309089000.0,127162000.0
CYRELA COMMERCIAL PROPERT S.A. EMPR PART,CYRE COM-CCP,CCPR3,Financeiro,Exploração de Imóveis,Exploração de Imóveis,2721080000.0,165114000.0,5678760.0
MOURA DUBEUX ENGENHARIA S/A,MOURA DUBEUX,MDNE3,Consumo Cíclico,Construção Civil,Incorporações,1018060000.0,84909000.0,4990570.0
DURATEX S.A.,DURATEX,DTEX3,Materiais Básicos,Madeira e Papel,Madeira,10660400000.0,691785000.0,45521100.0
SUL AMERICA S.A.,SUL AMERICA,SULA11,Financeiro,Previdência e Seguros,Seguradoras,18919400000.0,1182460000.0,159655000.0
SUL AMERICA S.A.,SUL AMERICA,SULA3,Financeiro,Previdência e Seguros,Seguradoras,24287800000.0,1182460000.0,128755.0
SUL AMERICA S.A.,SUL AMERICA,SULA4,Financeiro,Previdência e Seguros,Seguradoras,15939600000.0,1182460000.0,148394.0
TRISUL S.A.,TRISUL,TRIS3,Consumo Cíclico,Construção Civil,Incorporações,2649980000.0,186618000.0,24032300.0
CONSTRUTORA TENDA S.A.,TENDA,TEND3,Consumo Cíclico,Construção Civil,Incorporações,3660390000.0,104344000.0,41038500.0
BRASIL BROKERS PARTICIPACOES S.A.,BR BROKERS,BBRK3,Financeiro,Exploração de Imóveis,Intermediação Imobiliária,94686400.0,36278300.0,2481950.0
BCO PAN S.A.,BANCO PAN,BPAN4,Financeiro,Intermediários Financeiros,Bancos,11267300000.0,1205060000.0,48716100.0
ENEVA S.A,ENEVA,ENEV3,Utilidade Pública,Energia Elétrica,Energia Elétrica,15084200000.0,315768000.0,74500200.0
OSX BRASIL S.A.,OSX BRASIL,OSXB3,Petróleo. Gás e Biocombustíveis,Petróleo. Gás e Biocombustíveis,Equipamentos e Serviços,14229000.0,3148000.0,58956.0
DIRECIONAL ENGENHARIA S.A.,DIRECIONAL,DIRR3,Consumo Cíclico,Construção Civil,Incorporações,2678350000.0,153399000.0,19980200.0
CIA CELG DE PARTICIPACOES - CELGPAR,CELGPAR,GPAR3,Utilidade Pública,Energia Elétrica,Energia Elétrica,0.0,0.0,0.0
HYPERA S.A.,HYPERA,HYPE3,Saúde,Comércio e Distribuição,Medicamentos e Outros Produtos,20427600000.0,632238000.0,129492000.0
ALUPAR INVESTIMENTO S/A,ALUPAR,ALUP11,Utilidade Pública,Energia Elétrica,Energia Elétrica,7117870000.0,879111000.0,21424400.0
ALUPAR INVESTIMENTO S/A,ALUPAR,ALUP3,Utilidade Pública,Energia Elétrica,Energia Elétrica,8536170000.0,879111000.0,218185.0
ALUPAR INVESTIMENTO S/A,ALUPAR,ALUP4,Utilidade Pública,Energia Elétrica,Energia Elétrica,6364760000.0,879111000.0,176465.0
B3 S.A. - BRASIL. BOLSA. BALCÃO,B3,B3SA3,Financeiro,Serviços Financeiros Diversos,Serviços Financeiros Diversos,123445000000.0,2059140000.0,609783000.0
RENOVA ENERGIA S.A.,RENOVA,RNEW11,Utilidade Pública,Energia Elétrica,Energia Elétrica,137120000.0,41720000.0,200922.0
RENOVA ENERGIA S.A.,RENOVA,RNEW3,Utilidade Pública,Energia Elétrica,Energia Elétrica,149358000.0,41720000.0,181207.0
RENOVA ENERGIA S.A.,RENOVA,RNEW4,Utilidade Pública,Energia Elétrica,Energia Elétrica,131001000.0,41720000.0,234550.0
ADVANCED DIGITAL HEALTH MEDICINA PREVENTIVA S.A.,ADVANCED-DH,ADHM3,Saúde,Serv.Méd.Hospit..Análises e Diagnósticos,Serv.Méd.Hospit..Análises e Diagnósticos,40443800.0,16308000.0,177216.0
CIELO S.A.,CIELO,CIEL3,Financeiro,Serviços Financeiros Diversos,Serviços Financeiros Diversos,13339600000.0,2716820000.0,234293000.0
FLEURY S.A.,FLEURY,FLRY3,Saúde,Serv.Méd.Hospit..Análises e Diagnósticos,Serv.Méd.Hospit..Análises e Diagnósticos,8059090000.0,316788000.0,59241400.0
MILLS ESTRUTURAS E SERVIÇOS DE ENGENHARIA S.A.,MILLS,MILS3,Bens Industriais,Construção e Engenharia,Serviços Diversos,1934650000.0,251907000.0,14963200.0
JSL S.A.,JSL,JSLG3,Bens Industriais,Transporte,Transporte Rodoviário,5714790000.0,207735000.0,30894900.0
MARISA LOJAS S.A.,LOJAS MARISA,AMAR3,Consumo Cíclico,Comércio,Tecidos. Vestuário e Calçados,2315750000.0,261667000.0,64888400.0
AFLUENTE TRANSMISSÃO DE ENERGIA ELÉTRICA S/A,AFLUENTE T,AFLT3,Utilidade Pública,Energia Elétrica,Energia Elétrica,705921000.0,63085000.0,97676.0
PETRO RIO S.A.,PETRORIO,PRIO3,Petróleo. Gás e Biocombustíveis,Petróleo. Gás e Biocombustíveis,Exploração. Refino e Distribuição,5226060000.0,144686000.0,130934000.0
ALPER CONSULTORIA E CORRETORA DE SEGUROS S.A.,ALPER S.A.,APER3,Financeiro,Previdência e Seguros,Corretoras de Seguros,407310000.0,11480000.0,2400900.0
AREZZO INDÚSTRIA E COMÉRCIO S.A.,AREZZO CO,ARZZ3,Consumo Cíclico,Comércio,Tecidos. Vestuário e Calçados,4756890000.0,90954000.0,29434700.0
ALIANSCE SONAE SHOPPING CENTERS S.A.,ALIANSCSONAE,ALSO3,Financeiro,Exploração de Imóveis,Exploração de Imóveis,8092790000.0,265773000.0,59908900.0
ENAUTA PARTICIPAÇÕES S.A.,ENAUTA PART,ENAT3,Petróleo. Gás e Biocombustíveis,Petróleo. Gás e Biocombustíveis,Exploração. Refino e Distribuição,2918560000.0,265807000.0,24901300.0
T4F ENTRETENIMENTO S.A.,TIME FOR FUN,SHOW3,Consumo Cíclico,Viagens e Lazer,Produção de Eventos e Shows,213978000.0,67501000.0,2942880.0
MAGAZINE LUIZA S.A.,MAGAZ LUIZA,MGLU3,Consumo Cíclico,Comércio,Eletrodomésticos,130271000000.0,1624730000.0,858048000.0
QUALICORP CONSULTORIA E CORRETORA DE SEGUROS S.A.,QUALICORP,QUAL3,Saúde,Serv.Méd.Hospit..Análises e Diagnósticos,Serv.Méd.Hospit..Análises e Diagnósticos,8421020000.0,284014000.0,106058000.0
TECHNOS S.A.,TECHNOS,TECN3,Consumo Cíclico,Tecidos. Vestuário e Calçados,Acessórios,115404000.0,78506000.0,803365.0
STATKRAFT ENERGIAS RENOVAVEIS S.A.,STATKRAFT,STKF3,Utilidade Pública,Energia Elétrica,Energia Elétrica,0.0,0.0,0.0
BCO BTG PACTUAL S.A.,BTGP BANCO,BPAC11,Financeiro,Intermediários Financeiros,Bancos,74179300000.0,2605830000.0,275499000.0
BCO BTG PACTUAL S.A.,BTGP BANCO,BPAC13,Financeiro,Intermediários Financeiros,Bancos,0.0,0.0,0.0
BCO BTG PACTUAL S.A.,BTGP BANCO,BPAC3,Financeiro,Intermediários Financeiros,Bancos,99099800000.0,2605830000.0,76926.0
BCO BTG PACTUAL S.A.,BTGP BANCO,BPAC5,Financeiro,Intermediários Financeiros,Bancos,62279400000.0,2605830000.0,62104.0
CIA LOCAÇÃO DAS AMÉRICAS,LOCAMERICA,LCAM3,Consumo Cíclico,Diversos,Aluguel de carros,9207990000.0,508729000.0,59361600.0
UNICASA INDÚSTRIA DE MÓVEIS S.A.,UNICASA,UCAS3,Consumo Cíclico,Utilidades Domésticas,Móveis,301352000.0,66086000.0,676056.0
SINQIA S.A.,SINQIA,SQIA3,Tecnologia da Informação,Programas e Serviços,Programas e Serviços,1663550000.0,70549000.0,19781100.0
BIOSEV S.A.,BIOSEV,BSEV3,Consumo não Cíclico,Alimentos Processados,Açucar e Alcool,3877630000.0,1020430000.0,531179.0
NORTEC QUÍMICA S.A.,NORTCQUIMICA,NRTQ3,Saúde,Medicamentos e Outros Produtos,Medicamentos e Outros Produtos,0.0,0.0,0.0
LINX S.A.,LINX,LINX3,Tecnologia da Informação,Programas e Serviços,Programas e Serviços,5055330000.0,189409000.0,53083700.0
BB SEGURIDADE PARTICIPAÇÕES S.A.,BBSEGURIDADE,BBSE3,Financeiro,Previdência e Seguros,Seguradoras,55440000000.0,2000000000.0,127004000.0
IGUA SANEAMENTO S.A.,IGUA SA,IGSN3,Utilidade Pública,água e Saneamento,água e Saneamento,0.0,0.0,0.0
SER EDUCACIONAL S.A.,SER EDUCA,SEER3,Consumo Cíclico,Diversos,Serviços Educacionais,2113620000.0,128722000.0,16765700.0
ANIMA HOLDING S.A.,ANIMA,ANIM3,Consumo Cíclico,Diversos,Serviços Educacionais,2862530000.0,111123000.0,13480900.0
AMBEV S.A.,AMBEV S/A,ABEV3,Consumo não Cíclico,Bebidas,Cervejas e Refrigerantes,233666000000.0,15735100000.0,369510000.0
LOG COMMERCIAL PROPERTIES,LOG COM PROP,LOGG3,Financeiro,Exploração de Imóveis,Exploração de Imóveis,3607230000.0,102159000.0,14049300.0
QUALITY SOFTWARE S.A.,QUALITY SOFT,QUSW3,Tecnologia da Informação,Programas e Serviços,Programas e Serviços,0.0,0.0,0.0
CVC BRASIL OPERADORA E AGÊNCIA DE VIAGENS S.A.,CVC BRASIL,CVCB3,Consumo Cíclico,Viagens e Lazer,Viagens e Turismo,3285240000.0,149329000.0,136955000.0
OMEGA GERAÇÃO S.A.,OMEGA GER,OMGE3,Utilidade Pública,Energia Elétrica,Energia Elétrica,5969970000.0,170133000.0,31667500.0
COSAN LOGISTICA S.A.,COSAN LOG,RLOG3,Bens Industriais,Transporte,Transporte Ferroviário,9468300000.0,463224000.0,19084900.0
DOMMO ENERGIA S.A.,DOMMO,DMMO3,Petróleo. Gás e Biocombustíveis,Petróleo. Gás e Biocombustíveis,Exploração. Refino e Distribuição,421262000.0,270040000.0,15708200.0
OURO FINO SAUDE ANIMAL PARTICIPACOES S.A.,OUROFINO S/A,OFSA3,Saúde,Medicamentos e Outros Produtos,Medicamentos e Outros Produtos,1774920000.0,53949000.0,685623.0
INTERNATIONAL MEAL COMPANY ALIMENTACAO S.A.,IMC S/A,MEAL3,Consumo Cíclico,Hoteis e Restaurantes,Restaurante e Similares,1001150000.0,195920000.0,43844900.0
WIZ SOLUÇÕES E CORRETAGEM DE SEGUROS S.A.,WIZ S.A.,WIZS3,Financeiro,Previdência e Seguros,Corretoras de Seguros,1742990000.0,159907000.0,10484800.0
MAESTRO LOCADORA DE VEICULOS S.A.,MAESTROLOC,MSRO3,Consumo Cíclico,Diversos,Aluguel de carros,0.0,0.0,0.0
BRQ SOLUCOES EM INFORMATICA S.A.,BRQ,BRQB3,Tecnologia da Informação,Programas e Serviços,Programas e Serviços,0.0,0.0,0.0
MOVIDA PARTICIPACOES SA,MOVIDA,MOVI3,Consumo Cíclico,Diversos,Aluguel de carros,4627300000.0,298921000.0,46149600.0
CINESYSTEM S.A.,CINESYSTEM,CNSY3,Comunicações,Mídia,Produção e Difusão de Filmes e Programas,0.0,0.0,0.0
CTC - CENTRO DE TECNOLOGIA CANAVIEIRA S.A.,CTC S.A.,CTCA3,Consumo não Cíclico,Agropecuária,Agricultura,0.0,0.0,0.0
CENTRO DE IMAGEM DIAGNOSTICOS S.A.,ALLIAR,AALR3,Saúde,Serv.Méd.Hospit..Análises e Diagnósticos,Serv.Méd.Hospit..Análises e Diagnósticos,1381660000.0,118293000.0,11484500.0
INSTITUTO HERMES PARDINI S.A.,IHPARDINI,PARD3,Saúde,Serv.Méd.Hospit..Análises e Diagnósticos,Serv.Méd.Hospit..Análises e Diagnósticos,2928690000.0,130979000.0,9515470.0
AZUL S.A.,AZUL,AZUL4,Bens Industriais,Transporte,Transporte Aéreo,7495190000.0,342090000.0,516403000.0
ATACADÃO S.A.,CARREFOUR BR,CRFB3,Consumo não Cíclico,Comércio e Distribuição,Alimentos,40097400000.0,1985020000.0,130514000.0
IRB - BRASIL RESSEGUROS S.A.,IRBBRASIL RE,IRBR3,Financeiro,Previdência e Seguros,Seguradoras,8611200000.0,936000000.0,595583000.0
STARA S.A. - INDÚSTRIA DE IMPLEMENTOS AGRÍCOLAS,STARA,STTR3,Bens Industriais,Máquinas e Equipamentos,Máq. e Equip. Construção e Agrícolas,0.0,0.0,0.0
CAMIL ALIMENTOS S.A.,CAMIL,CAML3,Consumo não Cíclico,Alimentos Processados,Alimentos Diversos,4240200000.0,370000000.0,16282100.0
PRINER SERVIÇOS INDUSTRIAIS S.A.,PRINER,PRNR3,Bens Industriais,Serviços,Serviços Diversos,426865000.0,38045000.0,3042010.0
SMILES FIDELIDADE S.A.,SMILES,SMLS3,Consumo Cíclico,Diversos,Programas de Fidelização,1885980000.0,124159000.0,41792500.0
SMARTFIT ESCOLA DE GINÁSTICA E DANÇA S.A.,SMART FIT,SMFT3,Consumo Cíclico,Viagens e Lazer,Atividades Esportivas,0.0,0.0,0.0
INTER CONSTRUTORA E INCORPORADORA S.A.,INTER SA,INNT3,Consumo Cíclico,Construção Civil,Incorporações,0.0,0.0,0.0
IRANI PAPEL E EMBALAGEM S.A.,IRANI,RANI3,Materiais Básicos,Madeira e Papel,Papel e Celulose,825265000.0,166720000.0,225034.0
IRANI PAPEL E EMBALAGEM S.A.,IRANI,RANI4,Materiais Básicos,Madeira e Papel,Papel e Celulose,1118690000.0,166720000.0,92791.0
PETROBRAS DISTRIBUIDORA S/A,PETROBRAS BR,BRDT3,Petróleo. Gás e Biocombustíveis,Petróleo. Gás e Biocombustíveis,Exploração. Refino e Distribuição,26340600000.0,1165000000.0,189455000.0
BK BRASIL OPERAÇÃO E ASSESSORIA A RESTAURANTES SA,BK BRASIL,BKBR3,Consumo Cíclico,Hoteis e Restaurantes,Restaurante e Similares,2828500000.0,228105000.0,26289800.0
FLEX GESTÃO DE RELACIONAMENTOS S.A.,FLEX S/A,FLEX3,Bens Industriais,Serviços,Serviços Diversos,0.0,0.0,0.0
CENTRAIS ELET BRAS S.A. - ELETROBRAS,ELETROBRAS,ELET3,Utilidade Pública,Energia Elétrica,Energia Elétrica,56905100000.0,1568930000.0,170876000.0
CENTRAIS ELET BRAS S.A. - ELETROBRAS,ELETROBRAS,ELET5,Utilidade Pública,Energia Elétrica,Energia Elétrica,64326200000.0,1568930000.0,0.0
CENTRAIS ELET BRAS S.A. - ELETROBRAS,ELETROBRAS,ELET6,Utilidade Pública,Energia Elétrica,Energia Elétrica,58191600000.0,1568930000.0,103543000.0
NOTRE DAME INTERMEDICA PARTICIPACOES SA,INTERMEDICA,GNDI3,Saúde,Serv.Méd.Hospit..Análises e Diagnósticos,Serv.Méd.Hospit..Análises e Diagnósticos,38485400000.0,603693000.0,249483000.0
HAPVIDA PARTICIPACOES E INVESTIMENTOS SA,HAPVIDA,HAPV3,Saúde,Serv.Méd.Hospit..Análises e Diagnósticos,Serv.Méd.Hospit..Análises e Diagnósticos,44928400000.0,742986000.0,137604000.0
BANCO INTER S.A.,BANCO INTER,BIDI11,Financeiro,Intermediários Financeiros,Bancos,11876800000.0,706953000.0,30174500.0
BANCO INTER S.A.,BANCO INTER,BIDI3,Financeiro,Intermediários Financeiros,Bancos,11240600000.0,706953000.0,6280030.0
BANCO INTER S.A.,BANCO INTER,BIDI4,Financeiro,Intermediários Financeiros,Bancos,12251500000.0,706953000.0,32577500.0
CIA ENERGETICA DE MINAS GERAIS - CEMIG,CEMIG,CMIG3,Utilidade Pública,Energia Elétrica,Energia Elétrica,17432100000.0,1458750000.0,21559900.0
CIA ENERGETICA DE MINAS GERAIS - CEMIG,CEMIG,CMIG4,Utilidade Pública,Energia Elétrica,Energia Elétrica,16804800000.0,1458750000.0,125182000.0
PRATICA KLIMAQUIP INDUSTRIA E COMERCIO SA,PRATICA,PTCA11,Bens Industriais,Máquinas e Equipamentos,Máq. e Equip. Industriais,0.0,0.0,0.0
PRATICA KLIMAQUIP INDUSTRIA E COMERCIO SA,PRATICA,PTCA3,Bens Industriais,Máquinas e Equipamentos,Máq. e Equip. Industriais,0.0,0.0,0.0
BANCO BMG S.A.,BANCO BMG,BMGB4,Financeiro,Intermediários Financeiros,Bancos,3253110000.0,591475000.0,6505720.0
CENTRAIS ELET DE SANTA CATARINA S.A.,CELESC,CLSC3,Utilidade Pública,Energia Elétrica,Energia Elétrica,2317410000.0,38572000.0,2972.0
CENTRAIS ELET DE SANTA CATARINA S.A.,CELESC,CLSC4,Utilidade Pública,Energia Elétrica,Energia Elétrica,2295030000.0,38572000.0,1746960.0
BBM LOGISTICA S.A.,BBMLOGISTICA,BBML3,Bens Industriais,Serviços,Serviços Diversos,0.0,0.0,0.0
GRUPO SBF SA,CENTAURO,CNTO3,Consumo Cíclico,Comércio,Produtos Diversos,8056280000.0,241785000.0,76690300.0
LITELA PARTICIPAÇÕES S.A.,LITELA,LTLA3B,Materiais Básicos,Mineração,Minerais Metálicos,0.0,0.0,0.0
NATURA &CO HOLDING S.A.,GRUPO NATURA,NTCO3,Consumo não Cíclico,Produtos de Uso Pessoal e de Limpeza,Produtos de Uso Pessoal,52596000000.0,1251390000.0,285503000.0
VIVARA PARTICIPAÇOES S.A,VIVARA S.A.,VIVA3,Consumo Cíclico,Tecidos. Vestuário e Calçados,Acessórios,5248320000.0,236198000.0,40605600.0
CEA MODAS S.A.,CEA MODAS,CEAB3,Consumo Cíclico,Comércio,Tecidos. Vestuário e Calçados,3566390000.0,308245000.0,37570700.0
LIFEMED INDUSTRIAL EQUIP. DE ART. MÉD. HOSP. S.A.,LIFEMED,LMED3,Saúde,Equipamentos,Equipamentos,0.0,0.0,0.0
MITRE REALTY EMPREENDIMENTOS E PARTICIPAÇÕES S.A.,MITRE REALTY,MTRE3,Consumo Cíclico,Construção Civil,Incorporações,1872220000.0,105775000.0,12076000.0
LOCAWEB SERVIÇOS DE INTERNET S.A.,LOCAWEB,LWSA3,Tecnologia da Informação,Programas e Serviços,Programas e Serviços,6047060000.0,125172000.0,50497600.0
ALLPARK EMPREENDIMENTOS PARTICIPACOES SERVICOS S.A,ESTAPAR,ALPK3,Bens Industriais,Serviços,Serviços Diversos,1879580000.0,193771000.0,3144030.0
AMBIPAR PARTICIPACOES E EMPREENDIMENTOS S/A,AMBIPAR,AMBP3,Utilidade Pública,água e Saneamento,água e Saneamento,0.0,0.0,0.0
CESP - CIA ENERGETICA DE SAO PAULO,CESP,CESP3,Utilidade Pública,Energia Elétrica,Energia Elétrica,10873100000.0,327503000.0,419813.0
CESP - CIA ENERGETICA DE SAO PAULO,CESP,CESP5,Utilidade Pública,Energia Elétrica,Energia Elétrica,10774800000.0,327503000.0,25052.0
CESP - CIA ENERGETICA DE SAO PAULO,CESP,CESP6,Utilidade Pública,Energia Elétrica,Energia Elétrica,9569640000.0,327503000.0,71090700.0
AMPLA ENERGIA E SERVICOS S.A.,AMPLA ENERG,CBEE3,Utilidade Pública,Energia Elétrica,Energia Elétrica,2666140000.0,166634000.0,2852.0
CIA FERRO LIGAS DA BAHIA - FERBASA,FERBASA,FESA3,Materiais Básicos,Siderurgia e Metalurgia,Siderurgia,2256580000.0,88320000.0,3474.0
CIA FERRO LIGAS DA BAHIA - FERBASA,FERBASA,FESA4,Materiais Básicos,Siderurgia e Metalurgia,Siderurgia,1659530000.0,88320000.0,8131340.0
CIA FIACAO TECIDOS CEDRO CACHOEIRA,CEDRO,CEDO3,Consumo Cíclico,Tecidos. Vestuário e Calçados,Fios e Tecidos,118100000.0,10000000.0,61640.0
CIA FIACAO TECIDOS CEDRO CACHOEIRA,CEDRO,CEDO4,Consumo Cíclico,Tecidos. Vestuário e Calçados,Fios e Tecidos,68100000.0,10000000.0,72381.0
CIA SEGUROS ALIANCA DA BAHIA,SEG AL BAHIA,CSAB3,Financeiro,Previdência e Seguros,Seguradoras,345677000.0,7680000.0,1018.0
CIA SEGUROS ALIANCA DA BAHIA,SEG AL BAHIA,CSAB4,Financeiro,Previdência e Seguros,Seguradoras,368640000.0,7680000.0,109.0
CIA TECIDOS NORTE DE MINAS COTEMINAS,COTEMINAS,CTNM3,Consumo Cíclico,Tecidos. Vestuário e Calçados,Fios e Tecidos,341591000.0,30636000.0,82730.0
CIA TECIDOS NORTE DE MINAS COTEMINAS,COTEMINAS,CTNM4,Consumo Cíclico,Tecidos. Vestuário e Calçados,Fios e Tecidos,194539000.0,30636000.0,237787.0
REDE ENERGIA PARTICIPAÇÕES S.A.,REDE ENERGIA,REDE3,Utilidade Pública,Energia Elétrica,Energia Elétrica,21736300000.0,2110320000.0,10768.0
CIA ESTADUAL GER.TRANS.ENER.ELET-CEEE-GT,CEEE-GT,EEEL3,Utilidade Pública,Energia Elétrica,Energia Elétrica,3291540000.0,9681000.0,46256.0
CIA ESTADUAL GER.TRANS.ENER.ELET-CEEE-GT,CEEE-GT,EEEL4,Utilidade Pública,Energia Elétrica,Energia Elétrica,4162730000.0,9681000.0,7759.0
CIA HABITASUL DE PARTICIPACOES,HABITASUL,HBTS3,Financeiro,Exploração de Imóveis,Exploração de Imóveis,0.0,0.0,0.0
CIA HABITASUL DE PARTICIPACOES,HABITASUL,HBTS5,Financeiro,Exploração de Imóveis,Exploração de Imóveis,86770000.0,9133690.0,3942.0
CIA HABITASUL DE PARTICIPACOES,HABITASUL,HBTS6,Financeiro,Exploração de Imóveis,Exploração de Imóveis,0.0,0.0,0.0
CIA INDUSTRIAL CATAGUASES,IND CATAGUAS,CATA3,Consumo Cíclico,Tecidos. Vestuário e Calçados,Fios e Tecidos,0.0,0.0,0.0
CIA INDUSTRIAL CATAGUASES,IND CATAGUAS,CATA4,Consumo Cíclico,Tecidos. Vestuário e Calçados,Fios e Tecidos,0.0,0.0,0.0
CIA MELHORAMENTOS DE SAO PAULO,MELHOR SP,MSPA3,Materiais Básicos,Madeira e Papel,Papel e Celulose,301035000.0,6405000.0,589.0
CIA MELHORAMENTOS DE SAO PAULO,MELHOR SP,MSPA4,Materiais Básicos,Madeira e Papel,Papel e Celulose,329858000.0,6405000.0,234.0
FINANCEIRA ALFA S.A.- CRED FINANC E INVS,ALFA FINANC,CRIV3,Financeiro,Intermediários Financeiros,Soc. Crédito e Financiamento,581628000.0,102943000.0,43808.0
FINANCEIRA ALFA S.A.- CRED FINANC E INVS,ALFA FINANC,CRIV4,Financeiro,Intermediários Financeiros,Soc. Crédito e Financiamento,658835000.0,102943000.0,14468.0
GERDAU S.A.,GERDAU,GGBR3,Materiais Básicos,Siderurgia e Metalurgia,Siderurgia,23714100000.0,1719660000.0,1875020.0
GERDAU S.A.,GERDAU,GGBR4,Materiais Básicos,Siderurgia e Metalurgia,Siderurgia,27686500000.0,1719660000.0,262329000.0
CIA SIDERURGICA NACIONAL,SID NACIONAL,CSNA3,Materiais Básicos,Siderurgia e Metalurgia,Siderurgia,15581900000.0,1387520000.0,137240000.0
CIA TECIDOS SANTANENSE,SANTANENSE,CTSA3,Consumo Cíclico,Tecidos. Vestuário e Calçados,Fios e Tecidos,383982000.0,111299000.0,181797.0
CIA TECIDOS SANTANENSE,SANTANENSE,CTSA4,Consumo Cíclico,Tecidos. Vestuário e Calçados,Fios e Tecidos,348366000.0,111299000.0,87973.0
CIA TECIDOS SANTANENSE,SANTANENSE,CTSA8,Consumo Cíclico,Tecidos. Vestuário e Calçados,Fios e Tecidos,111299000.0,111299000.0,0.0
KARSTEN S.A.,KARSTEN,CTKA3,Consumo Cíclico,Tecidos. Vestuário e Calçados,Fios e Tecidos,99590200.0,6205000.0,43984.0
KARSTEN S.A.,KARSTEN,CTKA4,Consumo Cíclico,Tecidos. Vestuário e Calçados,Fios e Tecidos,74584100.0,6205000.0,94252.0
VALE S.A.,VALE,VALE3,Materiais Básicos,Mineração,Minerais Metálicos,301057000000.0,5284470000.0,1477740000.0
GRAZZIOTIN S.A.,GRAZZIOTIN,CGRA3,Consumo Cíclico,Comércio,Tecidos. Vestuário e Calçados,532676000.0,20101000.0,44313.0
GRAZZIOTIN S.A.,GRAZZIOTIN,CGRA4,Consumo Cíclico,Comércio,Tecidos. Vestuário e Calçados,528455000.0,20101000.0,224023.0
GUARARAPES CONFECCOES S.A.,GUARARAPES,GUAR3,Consumo Cíclico,Comércio,Tecidos. Vestuário e Calçados,8940670000.0,499200000.0,27789600.0
CONSERVAS ODERICH S.A.,ODERICH,ODER3,Consumo não Cíclico,Alimentos Processados,Alimentos Diversos,0.0,0.0,0.0
CONSERVAS ODERICH S.A.,ODERICH,ODER4,Consumo não Cíclico,Alimentos Processados,Alimentos Diversos,0.0,0.0,0.0
CONSORCIO ALFA DE ADMINISTRACAO S.A.,ALFA CONSORC,BRGE11,Financeiro,Previdência e Seguros,Seguradoras,1030310000.0,73646000.0,1230.0
CONSORCIO ALFA DE ADMINISTRACAO S.A.,ALFA CONSORC,BRGE12,Financeiro,Previdência e Seguros,Seguradoras,456605000.0,73646000.0,12013.0
CONSORCIO ALFA DE ADMINISTRACAO S.A.,ALFA CONSORC,BRGE3,Financeiro,Previdência e Seguros,Seguradoras,663550000.0,73646000.0,9422.0
CONSORCIO ALFA DE ADMINISTRACAO S.A.,ALFA CONSORC,BRGE5,Financeiro,Previdência e Seguros,Seguradoras,1598120000.0,73646000.0,0.0
CONSORCIO ALFA DE ADMINISTRACAO S.A.,ALFA CONSORC,BRGE6,Financeiro,Previdência e Seguros,Seguradoras,857976000.0,73646000.0,158.0
CONSORCIO ALFA DE ADMINISTRACAO S.A.,ALFA CONSORC,BRGE7,Financeiro,Previdência e Seguros,Seguradoras,397688000.0,73646000.0,0.0
CONSORCIO ALFA DE ADMINISTRACAO S.A.,ALFA CONSORC,BRGE8,Financeiro,Previdência e Seguros,Seguradoras,458078000.0,73646000.0,1948.0
CONSTRUTORA ADOLPHO LINDENBERG S.A.,CONST A LIND,CALI3,Consumo Cíclico,Construção Civil,Incorporações,36523000.0,372000.0,0.0
CONSTRUTORA ADOLPHO LINDENBERG S.A.,CONST A LIND,CALI4,Consumo Cíclico,Construção Civil,Incorporações,18678100.0,372000.0,0.0
BRASKEM S.A.,BRASKEM,BRKM3,Materiais Básicos,Químicos,Petroquímicos,19627500000.0,797219000.0,726111.0
BRASKEM S.A.,BRASKEM,BRKM5,Materiais Básicos,Químicos,Petroquímicos,18814400000.0,797219000.0,114784000.0
BRASKEM S.A.,BRASKEM,BRKM6,Materiais Básicos,Químicos,Petroquímicos,15075400000.0,797219000.0,428.0
CORREA RIBEIRO S.A. COMERCIO E INDUSTRIA,COR RIBEIRO,CORR3,Financeiro,Exploração de Imóveis,Exploração de Imóveis,277836.0,23153.0,0.0
CORREA RIBEIRO S.A. COMERCIO E INDUSTRIA,COR RIBEIRO,CORR4,Financeiro,Exploração de Imóveis,Exploração de Imóveis,1597560.0,23153.0,0.0
DOHLER S.A.,DOHLER,DOHL3,Consumo Cíclico,Tecidos. Vestuário e Calçados,Fios e Tecidos,653573000.0,60516000.0,0.0
DOHLER S.A.,DOHLER,DOHL4,Consumo Cíclico,Tecidos. Vestuário e Calçados,Fios e Tecidos,377620000.0,60516000.0,24597.0
RAIA DROGASIL S.A.,RAIADROGASIL,RADL3,Saúde,Comércio e Distribuição,Medicamentos e Outros Produtos,36540700000.0,330386000.0,176104000.0
MUNDIAL S.A. - PRODUTOS DE CONSUMO,MUNDIAL,MNDL3,Consumo Cíclico,Tecidos. Vestuário e Calçados,Acessórios,61975200.0,2480000.0,162155.0
ELECTRO ACO ALTONA S.A.,ACO ALTONA,EALT3,Bens Industriais,Máquinas e Equipamentos,Máq. e Equip. Industriais,301500000.0,22500000.0,69465.0
ELECTRO ACO ALTONA S.A.,ACO ALTONA,EALT4,Bens Industriais,Máquinas e Equipamentos,Máq. e Equip. Industriais,105750000.0,22500000.0,323010.0
WEG S.A.,WEG,WEGE3,Bens Industriais,Máquinas e Equipamentos,Motores . Compressores e Outros,114797000000.0,2098660000.0,221599000.0
ETERNIT S.A.,ETERNIT,ETER3,Bens Industriais,Construção e Engenharia,Produtos para Construção,216006000.0,51676000.0,2835700.0
EUCATEX S.A. INDUSTRIA E COMERCIO,EUCATEX,EUCA3,Materiais Básicos,Madeira e Papel,Madeira,2431250000.0,92619000.0,606846.0
EUCATEX S.A. INDUSTRIA E COMERCIO,EUCATEX,EUCA4,Materiais Básicos,Madeira e Papel,Madeira,602023000.0,92619000.0,746444.0
INVESTIMENTOS BEMGE S.A.,INVEST BEMGE,FIGE3,Outros,Outros,Outros,101652000.0,2364000.0,0.0
INVESTIMENTOS BEMGE S.A.,INVEST BEMGE,FIGE4,Outros,Outros,Outros,89855600.0,2364000.0,0.0
FINANSINOS S.A.- CREDITO FINANC E INVEST,FINANSINOS,FNCN3,Financeiro,Intermediários Financeiros,Soc. Crédito e Financiamento,0.0,0.0,0.0
TAURUS ARMAS S.A.,TAURUS ARMAS,TASA3,Bens Industriais,Máquinas e Equipamentos,Armas e Munições,488454000.0,88488000.0,876653.0
TAURUS ARMAS S.A.,TAURUS ARMAS,TASA4,Bens Industriais,Máquinas e Equipamentos,Armas e Munições,553935000.0,88488000.0,9675810.0
FRAS-LE S.A.,FRAS-LE,FRAS3,Bens Industriais,Material de Transporte,Material Rodoviário,1198790000.0,217566000.0,739077.0
TUPY S.A.,TUPY,TUPY3,Bens Industriais,Material de Transporte,Material Rodoviário,2795610000.0,144178000.0,16182800.0
VIA VAREJO S.A.,VIAVAREJO,VVAR3,Consumo Cíclico,Comércio,Eletrodomésticos,28139400000.0,1597020000.0,1333330000.0
HERCULES S.A. FABRICA DE TALHERES,HERCULES,HETA3,Consumo Cíclico,Utilidades Domésticas,Utensílios Domésticos,2045100.0,510000.0,0.0
HERCULES S.A. FABRICA DE TALHERES,HERCULES,HETA4,Consumo Cíclico,Utilidades Domésticas,Utensílios Domésticos,4462500.0,510000.0,77212.0
HOTEIS OTHON S.A.,HOTEIS OTHON,HOOT3,Consumo Cíclico,Hoteis e Restaurantes,Hotelaria,0.0,0.0,0.0
HOTEIS OTHON S.A.,HOTEIS OTHON,HOOT4,Consumo Cíclico,Hoteis e Restaurantes,Hotelaria,51625300.0,18372000.0,25469.0
IGB ELETRÔNICA S/A,IGB S/A,IGBR3,Financeiro,Exploração de Imóveis,Exploração de Imóveis,34513800.0,12505000.0,362028.0
BAHEMA EDUCAÇÃO S.A.,BAHEMA,BAHI3,Consumo Cíclico,Diversos,Serviços Educacionais,215256000.0,2219360.0,141489.0
INDUSTRIAS ROMI S.A.,INDS ROMI,ROMI3,Bens Industriais,Máquinas e Equipamentos,Máq. e Equip. Industriais,876241000.0,62858000.0,3297980.0
INEPAR S.A. INDUSTRIA E CONSTRUCOES,INEPAR,INEP3,Bens Industriais,Máquinas e Equipamentos,Máq. e Equip. Industriais,55376900.0,8203980.0,22233.0
INEPAR S.A. INDUSTRIA E CONSTRUCOES,INEPAR,INEP4,Bens Industriais,Máquinas e Equipamentos,Máq. e Equip. Industriais,53325900.0,8203980.0,57450.0
ITAUSA S.A.,ITAUSA,ITSA3,Financeiro,Intermediários Financeiros,Bancos,97481300000.0,8410810000.0,2840800.0
ITAUSA S.A.,ITAUSA,ITSA4,Financeiro,Intermediários Financeiros,Bancos,86042600000.0,8410810000.0,325218000.0
JOAO FORTES ENGENHARIA S.A.,JOAO FORTES,JFEN3,Consumo Cíclico,Construção Civil,Incorporações,473418000.0,105204000.0,570127.0
KEPLER WEBER S.A.,KEPLER WEBER,KEPL3,Bens Industriais,Máquinas e Equipamentos,Máq. e Equip. Industriais,1016430000.0,26312000.0,3932160.0
GP INVESTMENTS. LTD.,GP INVEST,GPIV33,Financeiro,Serviços Financeiros Diversos,Gestão de Recursos e Investimentos,537755000.0,109746000.0,969965.0
WILSON SONS LTD.,WILSON SONS,WSON33,Bens Industriais,Transporte,Serviços de Apoio e Armazenagem,3125130000.0,71220000.0,1616540.0
PPLA PARTICIPATIONS LTD.,PPLA,PPLA11,Financeiro,Serviços Financeiros Diversos,Gestão de Recursos e Investimentos,0.0,0.0,0.0
BIOTOSCANA INVESTMENTS S.A.,BIOTOSCANA,GBIO33,Saúde,Medicamentos e Outros Produtos,Medicamentos e Outros Produtos,1096080000.0,106622000.0,2824700.0
AURA MINERALS INC.,AURA 360,AURA32,Materiais Básicos,Mineração,Minerais Metálicos,0.0,0.0,0.0
LOJAS AMERICANAS S.A.,LOJAS AMERIC,LAME3,Consumo Cíclico,Comércio,Produtos Diversos,50265400000.0,1623560000.0,55336600.0
LOJAS AMERICANAS S.A.,LOJAS AMERIC,LAME4,Consumo Cíclico,Comércio,Produtos Diversos,57084400000.0,1623560000.0,353214000.0
LOJAS RENNER S.A.,LOJAS RENNER,LREN3,Consumo Cíclico,Comércio,Tecidos. Vestuário e Calçados,35332200000.0,795590000.0,385708000.0
TREVISA INVESTIMENTOS S.A.,TREVISA,LUXM3,Bens Industriais,Transporte,Transporte Hidroviário,51960000.0,5196000.0,0.0
TREVISA INVESTIMENTOS S.A.,TREVISA,LUXM4,Bens Industriais,Transporte,Transporte Hidroviário,171468000.0,5196000.0,16103.0
MANGELS INDUSTRIAL S.A.,MANGELS INDL,MGEL3,Materiais Básicos,Siderurgia e Metalurgia,Artefatos de Ferro e Aço,144580000.0,5783210.0,0.0
MANGELS INDUSTRIAL S.A.,MANGELS INDL,MGEL4,Materiais Básicos,Siderurgia e Metalurgia,Artefatos de Ferro e Aço,34699300.0,5783210.0,46527.0
MANUFATURA DE BRINQUEDOS ESTRELA S.A.,ESTRELA,ESTR3,Consumo Cíclico,Viagens e Lazer,Brinquedos e Jogos,16160000.0,808000.0,0.0
MANUFATURA DE BRINQUEDOS ESTRELA S.A.,ESTRELA,ESTR4,Consumo Cíclico,Viagens e Lazer,Brinquedos e Jogos,31495800.0,808000.0,0.0
MARCOPOLO S.A.,MARCOPOLO,POMO3,Bens Industriais,Material de Transporte,Material Rodoviário,2670240000.0,946893000.0,1375150.0
MARCOPOLO S.A.,MARCOPOLO,POMO4,Bens Industriais,Material de Transporte,Material Rodoviário,2831210000.0,946893000.0,41366200.0
MERCANTIL BRASIL FINANC S.A. C.F.I.,MERC FINANC,MERC3,Financeiro,Intermediários Financeiros,Soc. Crédito e Financiamento,648360000.0,18010000.0,10760.0
MERCANTIL BRASIL FINANC S.A. C.F.I.,MERC FINANC,MERC4,Financeiro,Intermediários Financeiros,Soc. Crédito e Financiamento,223324000.0,18010000.0,97134.0
MAHLE-METAL LEVE S.A.,METAL LEVE,LEVE3,Consumo Cíclico,Automóveis e Motocicletas,Automóveis e Motocicletas,2414760000.0,128308000.0,9383510.0
METALGRAFICA IGUACU S.A.,METAL IGUACU,MTIG3,Materiais Básicos,Embalagens,Embalagens,1255610.0,241000.0,0.0
METALGRAFICA IGUACU S.A.,METAL IGUACU,MTIG4,Materiais Básicos,Embalagens,Embalagens,9399000.0,241000.0,9573.0
METALURGICA GERDAU S.A.,GERDAU MET,GOAU3,Materiais Básicos,Siderurgia e Metalurgia,Siderurgia,7251910000.0,1087240000.0,772505.0
METALURGICA GERDAU S.A.,GERDAU MET,GOAU4,Materiais Básicos,Siderurgia e Metalurgia,Siderurgia,7958620000.0,1087240000.0,105082000.0
JEREISSATI PARTICIPACOES S.A.,JEREISSATI,JPSA3,Financeiro,Exploração de Imóveis,Exploração de Imóveis,2210410000.0,87889000.0,9433880.0
METISA METALURGICA TIMBOENSE S.A.,METISA,MTSA3,Bens Industriais,Máquinas e Equipamentos,Máq. e Equip. Construção e Agrícolas,0.0,0.0,0.0
METISA METALURGICA TIMBOENSE S.A.,METISA,MTSA4,Bens Industriais,Máquinas e Equipamentos,Máq. e Equip. Construção e Agrícolas,164379000.0,9137260.0,150760.0
MINASMAQUINAS S.A.,MINASMAQUINA,MMAQ3,Bens Industriais,Comércio,Material de Transporte,0.0,45000.0,0.0
MINASMAQUINAS S.A.,MINASMAQUINA,MMAQ4,Bens Industriais,Comércio,Material de Transporte,9002700.0,45000.0,0.0
MONTEIRO ARANHA S.A.,MONT ARANHA,MOAR3,Financeiro,Holdings Diversificadas,Holdings Diversificadas,2266440000.0,12251000.0,48051.0
BCO BRADESCO S.A.,BRADESCO,BBDC3,Financeiro,Intermediários Financeiros,Bancos,181396000000.0,8870210000.0,119540000.0
BCO BRADESCO S.A.,BRADESCO,BBDC4,Financeiro,Intermediários Financeiros,Bancos,197540000000.0,8870210000.0,1056750000.0
SUZANO HOLDING S.A.,SUZANO HOLD,NEMO3,Materiais Básicos,Madeira e Papel,Papel e Celulose,0.0,0.0,0.0
SUZANO HOLDING S.A.,SUZANO HOLD,NEMO5,Materiais Básicos,Madeira e Papel,Papel e Celulose,0.0,0.0,0.0
SUZANO HOLDING S.A.,SUZANO HOLD,NEMO6,Materiais Básicos,Madeira e Papel,Papel e Celulose,0.0,0.0,0.0
NORDON INDUSTRIAS METALURGICAS S.A.,NORDON MET,NORD3,Bens Industriais,Máquinas e Equipamentos,Máq. e Equip. Industriais,46611800.0,6621000.0,30608.0
BCO AMAZONIA S.A.,AMAZONIA,BAZA3,Financeiro,Intermediários Financeiros,Bancos,1140190000.0,29646000.0,131688.0
DIMED S.A. DISTRIBUIDORA DE MEDICAMENTOS,DIMED,PNVL3,Saúde,Comércio e Distribuição,Medicamentos e Outros Produtos,4254070000.0,135480000.0,3935590.0
DIMED S.A. DISTRIBUIDORA DE MEDICAMENTOS,DIMED,PNVL4,Saúde,Comércio e Distribuição,Medicamentos e Outros Produtos,3472350000.0,135480000.0,498380.0
PARANAPANEMA S.A.,PARANAPANEMA,PMAM3,Materiais Básicos,Siderurgia e Metalurgia,Artefatos de Cobre,622847000.0,43404000.0,2875900.0
PANATLANTICA S.A.,PANATLANTICA,PATI3,Materiais Básicos,Siderurgia e Metalurgia,Artefatos de Ferro e Aço,474837000.0,18270000.0,58016.0
PANATLANTICA S.A.,PANATLANTICA,PATI4,Materiais Básicos,Siderurgia e Metalurgia,Artefatos de Ferro e Aço,511560000.0,18270000.0,4150.0
SAO PAULO TURISMO S.A.,SPTURIS,AHEB3,Consumo Cíclico,Viagens e Lazer,Produção de Eventos e Shows,218641000.0,8544000.0,3509.0
SAO PAULO TURISMO S.A.,SPTURIS,AHEB5,Consumo Cíclico,Viagens e Lazer,Produção de Eventos e Shows,213600000.0,8544000.0,197.0
SAO PAULO TURISMO S.A.,SPTURIS,AHEB6,Consumo Cíclico,Viagens e Lazer,Produção de Eventos e Shows,212062000.0,8544000.0,708.0
PETROLEO BRASILEIRO S.A. PETROBRAS,PETROBRAS,PETR3,Petróleo. Gás e Biocombustíveis,Petróleo. Gás e Biocombustíveis,Exploração. Refino e Distribuição,300023000000.0,13044500000.0,379942000.0
PETROLEO BRASILEIRO S.A. PETROBRAS,PETROBRAS,PETR4,Petróleo. Gás e Biocombustíveis,Petróleo. Gás e Biocombustíveis,Exploração. Refino e Distribuição,293632000000.0,13044500000.0,1580100000.0
PETTENATI S.A. INDUSTRIA TEXTIL,PETTENATI,PTNT3,Consumo Cíclico,Tecidos. Vestuário e Calçados,Fios e Tecidos,345935000.0,48046500.0,56073.0
PETTENATI S.A. INDUSTRIA TEXTIL,PETTENATI,PTNT4,Consumo Cíclico,Tecidos. Vestuário e Calçados,Fios e Tecidos,233506000.0,48046500.0,243290.0
ALFA HOLDINGS S.A.,ALFA HOLDING,RPAD3,Financeiro,Intermediários Financeiros,Bancos,503011000.0,84682000.0,12212.0
ALFA HOLDINGS S.A.,ALFA HOLDING,RPAD5,Financeiro,Intermediários Financeiros,Bancos,694392000.0,84682000.0,5393.0
ALFA HOLDINGS S.A.,ALFA HOLDING,RPAD6,Financeiro,Intermediários Financeiros,Bancos,508092000.0,84682000.0,4583.0
REFINARIA DE PETROLEOS MANGUINHOS S.A.,PET MANGUINH,RPMG3,Petróleo. Gás e Biocombustíveis,Petróleo. Gás e Biocombustíveis,Exploração. Refino e Distribuição,195630000.0,67692000.0,395789.0
